{
  "accuracy": 0.9399853877465818,
  "precision_weighted": 0.9400102365850399,
  "recall_weighted": 0.9399853877465818,
  "f1_weighted": 0.9399845404285333,
  "precision_macro": 0.9400102365850398,
  "recall_macro": 0.9399853877465818,
  "f1_macro": 0.9399845404285333,
  "roc_auc": 0.9399853877465818,
  "confusion_matrix": [
    [
      8970,
      611
    ],
    [
      539,
      9042
    ]
  ]
}